{
   "geocoded_waypoints" : [
      {
         "geocoder_status" : "OK",
         "place_id" : "ChIJy_ffYEgRrjsRq5b-waX-4Y4",
         "types" : [ "street_address" ]
      },
      {
         "geocoder_status" : "OK",
         "place_id" : "ChIJMyD4IEYRrjsRDvOc3d4yKsI",
         "types" : [ "street_address" ]
      }
   ],
   "routes" : [
      {
         "bounds" : {
            "northeast" : {
               "lat" : 12.9905763,
               "lng" : 77.66509099999999
            },
            "southwest" : {
               "lat" : 12.9890981,
               "lng" : 77.6637499
            }
         },
         "copyrights" : "Map data ©2019 Google",
         "legs" : [
            {
               "distance" : {
                  "text" : "0.3 km",
                  "value" : 287
               },
               "duration" : {
                  "text" : "2 mins",
                  "value" : 120
               },
               "end_address" : "138, 14th A Cross Rd, Nagavarapalya, C V Raman Nagar, Bengaluru, Karnataka 560093, India",
               "end_location" : {
                  "lat" : 12.9890981,
                  "lng" : 77.66508779999999
               },
               "start_address" : "211/3, Nagavarapalya, C V Raman Nagar, Bengaluru, Karnataka 560093, India",
               "start_location" : {
                  "lat" : 12.9905763,
                  "lng" : 77.6637499
               },
               "steps" : [
                  {
                     "distance" : {
                        "text" : "89 m",
                        "value" : 89
                     },
                     "duration" : {
                        "text" : "1 min",
                        "value" : 32
                     },
                     "end_location" : {
                        "lat" : 12.9898002,
                        "lng" : 77.6638822
                     },
                     "html_instructions" : "Head \u003cb\u003esouth\u003c/b\u003e on \u003cb\u003eNagavarapalya Main Rd\u003c/b\u003e towards \u003cb\u003eShri Muthyalamma Temple Rd\u003c/b\u003e",
                     "polyline" : {
                        "points" : "cfhnAmu_yM@?lAAJAFEPI?ADAH?TA"
                     },
                     "start_location" : {
                        "lat" : 12.9905763,
                        "lng" : 77.6637499
                     },
                     "travel_mode" : "DRIVING"
                  },
                  {
                     "distance" : {
                        "text" : "57 m",
                        "value" : 57
                     },
                     "duration" : {
                        "text" : "1 min",
                        "value" : 26
                     },
                     "end_location" : {
                        "lat" : 12.9898464,
                        "lng" : 77.6644063
                     },
                     "html_instructions" : "Turn \u003cb\u003eleft\u003c/b\u003e towards \u003cb\u003e14th Cross Rd\u003c/b\u003e",
                     "maneuver" : "turn-left",
                     "polyline" : {
                        "points" : "gahnAgv_yMGsAAU"
                     },
                     "start_location" : {
                        "lat" : 12.9898002,
                        "lng" : 77.6638822
                     },
                     "travel_mode" : "DRIVING"
                  },
                  {
                     "distance" : {
                        "text" : "75 m",
                        "value" : 75
                     },
                     "duration" : {
                        "text" : "1 min",
                        "value" : 29
                     },
                     "end_location" : {
                        "lat" : 12.9896843,
                        "lng" : 77.665059
                     },
                     "html_instructions" : "Turn \u003cb\u003eright\u003c/b\u003e onto \u003cb\u003e14th Cross Rd\u003c/b\u003e",
                     "maneuver" : "turn-right",
                     "polyline" : {
                        "points" : "qahnAqy_yMNUDMBKBS@U@g@"
                     },
                     "start_location" : {
                        "lat" : 12.9898464,
                        "lng" : 77.6644063
                     },
                     "travel_mode" : "DRIVING"
                  },
                  {
                     "distance" : {
                        "text" : "66 m",
                        "value" : 66
                     },
                     "duration" : {
                        "text" : "1 min",
                        "value" : 33
                     },
                     "end_location" : {
                        "lat" : 12.9890981,
                        "lng" : 77.66508779999999
                     },
                     "html_instructions" : "Turn \u003cb\u003eright\u003c/b\u003e",
                     "maneuver" : "turn-right",
                     "polyline" : {
                        "points" : "o`hnAs}_yMbAADANA@??AV@"
                     },
                     "start_location" : {
                        "lat" : 12.9896843,
                        "lng" : 77.665059
                     },
                     "travel_mode" : "DRIVING"
                  }
               ],
               "traffic_speed_entry" : [],
               "via_waypoint" : []
            }
         ],
         "overview_polyline" : {
            "points" : "cfhnAmu_yMnAARGPKNATAGsAAUNUHYDi@@g@bAATCX?"
         },
         "summary" : "Nagavarapalya Main Rd and 14th Cross Rd",
         "warnings" : [],
         "waypoint_order" : []
      }
   ],
   "status" : "OK"
}