{
  "geocoded_waypoints" : [
    {
      "geocoder_status" : "OK",
      "place_id" : "ChIJMyD4IEYRrjsRDvOc3d4yKsI",
      "types" : [ "street_address" ]
    },
    {
      "geocoder_status" : "OK",
      "place_id" : "ChIJxzKuzqcWrjsRmoGIp3zXNnk",
      "types" : [ "establishment", "premise" ]
    }
  ],
  "routes" : [
    {
      "bounds" : {
        "northeast" : {
          "lat" : 12.9911344,
          "lng" : 77.6650946
        },
        "southwest" : {
          "lat" : 12.9701743,
          "lng" : 77.64113379999999
        }
      },
      "copyrights" : "Map data ©2019 Google",
      "legs" : [
        {
          "distance" : {
            "text" : "5.0 km",
            "value" : 5025
          },
          "duration" : {
            "text" : "17 mins",
            "value" : 1006
          },
          "end_address" : "No. 3802/B, 7th Main, Near ESI Hospital, HAL 2nd Stage,, Sodepur, Appareddipalya, Indiranagar, Bengaluru, Karnataka 560038, India",
          "end_location" : {
            "lat" : 12.9718908,
            "lng" : 77.64113379999999
          },
          "start_address" : "138, 14th A Cross Rd, Nagavarapalya, C V Raman Nagar, Bengaluru, Karnataka 560093, India",
          "start_location" : {
            "lat" : 12.9890864,
            "lng" : 77.66508709999999
          },
          "steps" : [
            {
              "distance" : {
                "text" : "67 m",
                "value" : 67
              },
              "duration" : {
                "text" : "1 min",
                "value" : 25
              },
              "end_location" : {
                "lat" : 12.9896843,
                "lng" : 77.665059
              },
              "html_instructions" : "Head \u003cb\u003enorth\u003c/b\u003e towards \u003cb\u003e14th A Cross Rd\u003c/b\u003e",
              "polyline" : {
                "points" : "y|gnAy}_yMYA?@A?O@E@cA@"
              },
              "start_location" : {
                "lat" : 12.9890864,
                "lng" : 77.66508709999999
              },
              "travel_mode" : "DRIVING"
            },
            {
              "distance" : {
                "text" : "75 m",
                "value" : 75
              },
              "duration" : {
                "text" : "1 min",
                "value" : 50
              },
              "end_location" : {
                "lat" : 12.9898464,
                "lng" : 77.6644063
              },
              "html_instructions" : "Turn \u003cb\u003eleft\u003c/b\u003e onto \u003cb\u003e14th Cross Rd\u003c/b\u003e",
              "maneuver" : "turn-left",
              "polyline" : {
                "points" : "o`hnAs}_yMAf@ATCRCJELOT"
              },
              "start_location" : {
                "lat" : 12.9896843,
                "lng" : 77.665059
              },
              "travel_mode" : "DRIVING"
            },
            {
              "distance" : {
                "text" : "57 m",
                "value" : 57
              },
              "duration" : {
                "text" : "1 min",
                "value" : 23
              },
              "end_location" : {
                "lat" : 12.9898002,
                "lng" : 77.6638822
              },
              "html_instructions" : "Turn \u003cb\u003eleft\u003c/b\u003e towards \u003cb\u003eNagavarapalya Main Rd\u003c/b\u003e",
              "maneuver" : "turn-left",
              "polyline" : {
                "points" : "qahnAqy_yM@TFrA"
              },
              "start_location" : {
                "lat" : 12.9898464,
                "lng" : 77.6644063
              },
              "travel_mode" : "DRIVING"
            },
            {
              "distance" : {
                "text" : "28 m",
                "value" : 28
              },
              "duration" : {
                "text" : "1 min",
                "value" : 12
              },
              "end_location" : {
                "lat" : 12.98955,
                "lng" : 77.6639033
              },
              "html_instructions" : "Turn \u003cb\u003eleft\u003c/b\u003e onto \u003cb\u003eNagavarapalya Main Rd\u003c/b\u003e",
              "maneuver" : "turn-left",
              "polyline" : {
                "points" : "gahnAgv_yMp@C"
              },
              "start_location" : {
                "lat" : 12.9898002,
                "lng" : 77.6638822
              },
              "travel_mode" : "DRIVING"
            },
            {
              "distance" : {
                "text" : "0.8 km",
                "value" : 780
              },
              "duration" : {
                "text" : "3 mins",
                "value" : 159
              },
              "end_location" : {
                "lat" : 12.9911344,
                "lng" : 77.657082
              },
              "html_instructions" : "Turn \u003cb\u003eright\u003c/b\u003e onto \u003cb\u003eVarthur Rd\u003c/b\u003e\u003cdiv style=\"font-size:0.9em\"\u003ePass by Integra Diagnostic Center (on the left)\u003c/div\u003e",
              "maneuver" : "turn-right",
              "polyline" : {
                "points" : "u_hnAkv_yMERGPOd@_@v@MTABi@l@SP_@`@CF?@EHCFCTAJ?L?@?PBN@NBTA`@AXANg@bE?@E\\Kv@ABC^SfDKdBKfCItAEXCj@"
              },
              "start_location" : {
                "lat" : 12.98955,
                "lng" : 77.6639033
              },
              "travel_mode" : "DRIVING"
            },
            {
              "distance" : {
                "text" : "1.4 km",
                "value" : 1429
              },
              "duration" : {
                "text" : "4 mins",
                "value" : 246
              },
              "end_location" : {
                "lat" : 12.9857445,
                "lng" : 77.6451196
              },
              "html_instructions" : "Slight \u003cb\u003eleft\u003c/b\u003e onto \u003cb\u003eSwamy Vivekananda Rd\u003c/b\u003e\u003cdiv style=\"font-size:0.9em\"\u003ePass by Suddaguntepalya Bustop (on the left)\u003c/div\u003e",
              "maneuver" : "turn-slight-left",
              "polyline" : {
                "points" : "qihnAwk~xMvBlFbB`FnBjF|BnGb@hAhAxCFPN^JZhCjHv@zBRr@@DPd@DVv@bCz@pCBDb@vAlAdE"
              },
              "start_location" : {
                "lat" : 12.9911344,
                "lng" : 77.657082
              },
              "travel_mode" : "DRIVING"
            },
            {
              "distance" : {
                "text" : "1.7 km",
                "value" : 1723
              },
              "duration" : {
                "text" : "4 mins",
                "value" : 269
              },
              "end_location" : {
                "lat" : 12.9704568,
                "lng" : 77.64740519999999
              },
              "html_instructions" : "Turn \u003cb\u003eleft\u003c/b\u003e after St Mary Statue (on the left)\u003cdiv style=\"font-size:0.9em\"\u003ePass by Bharat Co Operative Bank (Mumbai) Ltd (on the right in 1.7&nbsp;km)\u003c/div\u003e",
              "maneuver" : "turn-left",
              "polyline" : {
                "points" : "{ggnA_a|xMnG_A`BQr@G`D_@FCfCYzDi@lEk@jDc@fC_@NAfFIvM]vDIlACN@N?v@BXArAKt@I\\E|@Mb@EdD_@f@Gx@K"
              },
              "start_location" : {
                "lat" : 12.9857445,
                "lng" : 77.6451196
              },
              "travel_mode" : "DRIVING"
            },
            {
              "distance" : {
                "text" : "0.7 km",
                "value" : 663
              },
              "duration" : {
                "text" : "3 mins",
                "value" : 165
              },
              "end_location" : {
                "lat" : 12.9701829,
                "lng" : 77.641302
              },
              "html_instructions" : "Turn \u003cb\u003eright\u003c/b\u003e after Café Coffee Day - 12th Main Rd (on the right)\u003cdiv style=\"font-size:0.9em\"\u003ePass by Blue Dart Express Ltd (Booking Only No Delivery) (on the left in 300&nbsp;m)\u003c/div\u003e",
              "maneuver" : "turn-right",
              "polyline" : {
                "points" : "khdnAio|xMBf@BfABxA@zA?f@@l@BpBBlDB|B?@?Z@l@B|@?dA@`@BDFj@FfC"
              },
              "start_location" : {
                "lat" : 12.9704568,
                "lng" : 77.64740519999999
              },
              "travel_mode" : "DRIVING"
            },
            {
              "distance" : {
                "text" : "0.2 km",
                "value" : 203
              },
              "duration" : {
                "text" : "1 min",
                "value" : 57
              },
              "end_location" : {
                "lat" : 12.9718908,
                "lng" : 77.64113379999999
              },
              "html_instructions" : "Turn \u003cb\u003eright\u003c/b\u003e onto \u003cb\u003e100 Feet Rd\u003c/b\u003e\u003cdiv style=\"font-size:0.9em\"\u003eDestination will be on the right\u003c/div\u003e",
              "maneuver" : "turn-right",
              "polyline" : {
                "points" : "sfdnAci{xM@TS?cIJ"
              },
              "start_location" : {
                "lat" : 12.9701829,
                "lng" : 77.641302
              },
              "travel_mode" : "DRIVING"
            }
          ],
          "traffic_speed_entry" : [],
          "via_waypoint" : []
        }
      ],
      "overview_polyline" : {
        "points" : "y|gnAy}_yMY?Q@iABC|@G^Ub@HhBp@CERWv@m@lAk@p@s@r@MZEp@HfACz@i@rESzAo@tLItAEXCj@vBlFrElM`DxIlBfF`EfLTx@V|@rBtGtBbHnG_A`BQtEg@xOsBrHcAvFKnSg@|AAfABlBMtDc@lEg@x@KBf@F`D@bCLjMDhC@fBJp@H|CwIJ"
      },
      "summary" : "Swamy Vivekananda Rd and 80 Feet Rd",
      "warnings" : [],
      "waypoint_order" : []
    }
  ],
  "status" : "OK"
}