{
  "project_info": {
    "project_number": "238932213111",
    "firebase_url": "https://dyutpassenger.firebaseio.com",
    "project_id": "dyutpassenger",
    "storage_bucket": "dyutpassenger.appspot.com"
  },
  "client": [
    {
      "client_info": {
        "mobilesdk_app_id": "1:238932213111:android:5e78f5499d78f578",
        "android_client_info": {
          "package_name": "com.kouchan.dyutpassenger"
        }
      },
      "oauth_client": [
        {
          "client_id": "238932213111-hhae47eced52icqilqaltmgdk4kq017n.apps.googleusercontent.com",
          "client_type": 3
        }
      ],
      "api_key": [
        {
          "current_key": "AIzaSyCu176AogpHdgqzsL1YwDXobs2EpYa1L4M"
        }
      ],
      "services": {
        "appinvite_service": {
          "other_platform_oauth_client": [
            {
              "client_id": "238932213111-hhae47eced52icqilqaltmgdk4kq017n.apps.googleusercontent.com",
              "client_type": 3
            }
          ]
        }
      }
    }
  ],
  "configuration_version": "1"
}