{
  "project_info": {
    "project_number": "99859241146",
    "firebase_url": "https://book-a-ride-3b146.firebaseio.com",
    "project_id": "book-a-ride-3b146",
    "storage_bucket": "book-a-ride-3b146.appspot.com"
  },
  "client": [
    {
      "client_info": {
        "mobilesdk_app_id": "1:99859241146:android:887c63d45024d0ae",
        "android_client_info": {
          "package_name": "kouchan.siddhesh.com.BookARideAndroid"
        }
      },
      "oauth_client": [
        {
          "client_id": "99859241146-omcskm1ege2eplk0frsdnme1rsiide44.apps.googleusercontent.com",
          "client_type": 3
        }
      ],
      "api_key": [
        {
          "current_key": "AIzaSyCDGZywIh14wk0YQU37ieJZ5-U5ihoT5I8"
        }
      ],
      "services": {
        "analytics_service": {
          "status": 1
        },
        "appinvite_service": {
          "status": 1,
          "other_platform_oauth_client": []
        },
        "ads_service": {
          "status": 2
        }
      }
    }
  ],
  "configuration_version": "1"
}